{"global_step":53065,"_step":2000,"episode":2000,"_wandb":{"runtime":3564},"length":19,"return":-114.29119873046875,"_runtime":3564.332223574,"_timestamp":1.7649293177364135e+09,"loss":3578.5693359375}