{"episode":2000,"return":-52.925079345703125,"_timestamp":1.7649290546672256e+09,"_step":2000,"loss":647.8802490234375,"_runtime":3301.484726153,"length":20,"_wandb":{"runtime":3301},"global_step":47294}