{"global_step":54236,"_wandb":{"runtime":3723},"_step":2000,"episode":2000,"length":33,"_timestamp":1.7649294768166907e+09,"loss":238.8380126953125,"return":-10.039840698242188,"_runtime":3723.298052646}